Group 1,Group 2,H,p-value,q-value
No (n=155),Yes (n=164),0.02231854838714753,0.8812427956855058,0.8812427956855058
