Group 1,Group 2,H,p-value,q-value
No (n=50),Yes (n=269),1.6616654275093197,0.19737861114004407,0.19737861114004407
