Group 1,Group 2,H,p-value,q-value
No (n=167),Yes (n=152),1.0006239166405066,0.3171595853828924,0.3171595853828924
