Group 1,Group 2,H,p-value,q-value
Above_median (n=150),Below_median (n=169),5.648100591716002,0.01747428971834497,0.01747428971834497
