Group 1,Group 2,H,p-value,q-value
Above_median (n=158),Below_median (n=161),5.468407500589706,0.019363261751484097,0.019363261751484097
