Group 1,Group 2,H,p-value,q-value
1940-60 (n=2),1981-2000 (n=14),3.6302521008403374,0.056738221375193465,0.3404293282511608
1940-60 (n=2),2001-2010 (n=24),2.083333333333343,0.14891467317876064,0.3857151218883018
1940-60 (n=2),2011-2020 (n=23),1.6956521739130608,0.1928575609441509,0.3857151218883018
1981-2000 (n=14),2001-2010 (n=24),0.4038461538461604,0.5251095978041489,0.6301315173649786
1981-2000 (n=14),2011-2020 (n=23),0.4324942791762112,0.5107675747248532,0.6301315173649786
2001-2010 (n=24),2011-2020 (n=23),0.0040760869565019675,0.9490942518182208,0.9490942518182208
