Group 1,Group 2,H,p-value,q-value
AboveMedian (n=31),BelowMedian (n=35),0.5844005777563837,0.4445925859155576,0.4445925859155576
