Group 1,Group 2,H,p-value,q-value
AboveMedian (n=33),BelowMedian (n=33),2.6318407960198726,0.10474021664718156,0.10474021664718156
