Group 1,Group 2,H,p-value,q-value
no (n=10),yes (n=56),0.06268656716417809,0.8022990188043253,0.8022990188043253
