Group 1,Group 2,H,p-value,q-value
no (n=32),yes (n=34),0.0322651448638851,0.8574469674760268,0.8574469674760268
