Group 1,Group 2,H,p-value,q-value
no (n=34),yes (n=32),1.8149143985952207,0.17791982426106834,0.17791982426106834
