Group 1,Group 2,H,p-value,q-value
no (n=34),yes (n=32),0.09507206122431977,0.7578254758607148,0.7578254758607148
