Group 1,Group 2,H,p-value,q-value
no (n=32),yes (n=34),0.01646180860402069,0.8979087322067502,0.8979087322067502
