Group 1,Group 2,H,p-value,q-value
1940-60 (n=2),1981-2000 (n=14),2.52100840336135,0.11233872582982206,0.22467745165964412
1940-60 (n=2),2001-2010 (n=24),3.7037037037037237,0.054291828366853846,0.17105329682272288
1940-60 (n=2),2011-2020 (n=23),3.6220735785953195,0.057017765607574294,0.17105329682272288
1981-2000 (n=14),2001-2010 (n=24),0.366300366300365,0.5450278242638799,0.7657491214606578
1981-2000 (n=14),2011-2020 (n=23),0.16574043805167094,0.6839254979579357,0.7657491214606578
2001-2010 (n=24),2011-2020 (n=23),0.08876811594203105,0.7657491214606578,0.7657491214606578
