Group 1,Group 2,H,p-value,q-value
no (n=10),yes (n=56),0.2689765458422073,0.6040191415828668,0.6040191415828668
