Group 1,Group 2,H,p-value,q-value
no (n=34),yes (n=32),0.8298397717295529,0.36231886476689057,0.36231886476689057
