Group 1,Group 2,H,p-value,q-value
no (n=34),yes (n=32),0.6955114135206202,0.4042960471749748,0.4042960471749748
