Group 1,Group 2,H,p-value,q-value
No (n=155),Yes (n=164),0.012759146341522865,0.9100651285478304,0.9100651285478304
