Group 1,Group 2,H,p-value,q-value
No (n=167),Yes (n=152),0.5770736487551176,0.4474616485937801,0.4474616485937801
