Group 1,Group 2,H,p-value,q-value
Above_median (n=150),Below_median (n=169),1.6216109467457045,0.20286731028993382,0.20286731028993382
