Group 1,Group 2,H,p-value,q-value
1940-60 (n=2),1981-2000 (n=14),0.6302521008403374,0.42726285674570585,0.8314719399523026
1940-60 (n=2),2001-2010 (n=24),0.5925925925926094,0.4414183267820472,0.8314719399523026
1940-60 (n=2),2011-2020 (n=23),0.4916387959866171,0.48319718446621907,0.8314719399523026
1981-2000 (n=14),2001-2010 (n=24),0.1547619047619122,0.6940256232297267,0.8314719399523026
1981-2000 (n=14),2011-2020 (n=23),0.19221967963389375,0.6610755829150919,0.8314719399523026
2001-2010 (n=24),2011-2020 (n=23),0.0452898550724683,0.8314719399523026,0.8314719399523026
