Group 1,Group 2,H,p-value,q-value
no (n=32),yes (n=34),0.008066286215949958,0.9284362100846246,0.9284362100846246
