Group 1,Group 2,H,p-value,q-value
AboveMedian (n=31),BelowMedian (n=35),1.0433042162459287,0.3070542419039659,0.3070542419039659
