Group 1,Group 2,H,p-value,q-value
no (n=34),yes (n=32),2.531167690956977,0.11161758998206611,0.11161758998206611
