Group 1,Group 2,H,p-value,q-value
AboveMedian (n=33),BelowMedian (n=33),0.3112125323794146,0.5769370784873612,0.5769370784873612
