Group 1,Group 2,H,p-value,q-value
No (n=32),Yes (n=34),2.6134767339771656,0.10595922915799726,0.10595922915799726
