Group 1,Group 2,H,p-value,q-value
Above_median (n=33),Below_median (n=33),7.3569754533119465,0.006680307127382941,0.006680307127382941
