Group 1,Group 2,H,p-value,q-value
No (n=34),Yes (n=32),0.877249780509203,0.3489560503437653,0.3489560503437653
