Group 1,Group 2,H,p-value,q-value
1940-60 (n=2),1981-2000 (n=14),3.6302521008403374,0.056738221375193465,0.2978293463575213
1940-60 (n=2),2001-2010 (n=24),2.083333333333343,0.14891467317876064,0.2978293463575213
1940-60 (n=2),2011-2020 (n=23),2.2575250836120517,0.13296641055223776,0.2978293463575213
1981-2000 (n=14),2001-2010 (n=24),0.2344322344322478,0.628256691693613,0.848482288164341
1981-2000 (n=14),2011-2020 (n=23),0.1412226217718313,0.7070685734702842,0.848482288164341
2001-2010 (n=24),2011-2020 (n=23),0.0018115942028771315,0.9660500287459871,0.9660500287459871
