Group 1,Group 2,H,p-value,q-value
no (n=32),yes (n=34),0.0059262510974349425,0.938637746719227,0.938637746719227
