Group 1,Group 2,H,p-value,q-value
no (n=32),yes (n=34),0.00016461808601775374,0.9897631363172873,0.9897631363172873
