Group 1,Group 2,H,p-value,q-value
no (n=34),yes (n=32),1.84964881474977,0.17382424480715672,0.17382424480715672
