Group 1,Group 2,H,p-value,q-value
1940-60 (n=2),1981-2000 (n=14),3.6302521008403374,0.056738221375193465,0.32162796995845466
1940-60 (n=2),2001-2010 (n=24),2.083333333333343,0.14891467317876064,0.32162796995845466
1940-60 (n=2),2011-2020 (n=23),1.9665551839464968,0.16081398497922733,0.32162796995845466
1981-2000 (n=14),2001-2010 (n=24),0.206043956043942,0.6498859404583239,0.7798631285499886
1981-2000 (n=14),2011-2020 (n=23),0.25106243870547473,0.6163279732988617,0.7798631285499886
2001-2010 (n=24),2011-2020 (n=23),0.0018115942028771315,0.9660500287459871,0.9660500287459871
