Group 1,Group 2,H,p-value,q-value
AboveMedian (n=31),BelowMedian (n=35),0.8438957287296205,0.358284962190785,0.358284962190785
