Group 1,Group 2,H,p-value,q-value
no (n=10),yes (n=56),0.10362473347547052,0.7475224241621145,0.7475224241621145
