Group 1,Group 2,H,p-value,q-value
AboveMedian (n=33),BelowMedian (n=33),2.4680317421158406,0.11618333320465565,0.11618333320465565
