Group 1,Group 2,H,p-value,q-value
no (n=34),yes (n=32),1.9918788410886634,0.15814456858014375,0.15814456858014375
