Group 1,Group 2,H,p-value,q-value
Green_hay_bush (n=22),Natural_regen (n=12),11.720779220779221,0.0006180606953887832,0.0018541820861663495
Green_hay_bush (n=22),seed_mix (n=32),4.388739669421511,0.03617704655432975,0.03617704655432975
Natural_regen (n=12),seed_mix (n=32),6.1361111111110915,0.013244829025840463,0.019867243538760695
