Group 1,Group 2,H,p-value,q-value
no (n=10),yes (n=56),0.1998933901918747,0.6548069121423462,0.6548069121423462
