Group 1,Group 2,H,p-value,q-value
1940-60 (n=2),1981-2000 (n=14),0.6302521008403374,0.42726285674570585,0.9003135001182112
1940-60 (n=2),2001-2010 (n=24),0.7500000000000142,0.38647623077122806,0.9003135001182112
1940-60 (n=2),2011-2020 (n=23),0.2508361204013454,0.6164869537916495,0.9003135001182112
1981-2000 (n=14),2001-2010 (n=24),0.2646520146520146,0.6069420207645699,0.9003135001182112
1981-2000 (n=14),2011-2020 (n=23),0.015691402419108158,0.9003135001182112,0.9003135001182112
2001-2010 (n=24),2011-2020 (n=23),0.0765398550724683,0.7820424385489287,0.9003135001182112
