Group 1,Group 2,H,p-value,q-value
AboveMedian (n=31),BelowMedian (n=35),3.0307861613590887,0.08169842240078774,0.08169842240078774
