Group 1,Group 2,H,p-value,q-value
no (n=34),yes (n=32),1.8847124670763833,0.16979951036200813,0.16979951036200813
