Group 1,Group 2,H,p-value,q-value
AboveMedian (n=33),BelowMedian (n=33),0.37107849183834674,0.5424169838319812,0.5424169838319812
