Group 1,Group 2,H,p-value,q-value
1940-60 (n=2),1981-2000 (n=14),0.025210084033609803,0.8738446985173824,0.9233418401808761
1940-60 (n=2),2001-2010 (n=24),0.009259259259266628,0.9233418401808761,0.9233418401808761
1940-60 (n=2),2011-2020 (n=23),0.09030100334449287,0.7637948404430596,0.9233418401808761
1981-2000 (n=14),2001-2010 (n=24),0.1547619047619122,0.6940256232297267,0.9233418401808761
1981-2000 (n=14),2011-2020 (n=23),1.0679960771494024,0.30139852355174923,0.9233418401808761
2001-2010 (n=24),2011-2020 (n=23),0.330163043478251,0.5655630979388047,0.9233418401808761
