Group 1,Group 2,H,p-value,q-value
AboveMedian (n=33),BelowMedian (n=33),1.7618107808067123,0.18439881527167454,0.18439881527167454
