Group 1,Group 2,H,p-value,q-value
No (n=50),Yes (n=269),4.675720260222988,0.03059187208604008,0.03059187208604008
