Group 1,Group 2,H,p-value,q-value
Above_median (n=150),Below_median (n=169),1.5150059171597832,0.21837681400754558,0.21837681400754558
