Group 1,Group 2,H,p-value,q-value
No (n=155),Yes (n=164),0.003121557828535515,0.9554446504639821,0.9554446504639821
