Group 1,Group 2,H,p-value,q-value
Above_median (n=158),Below_median (n=161),0.0675112037109784,0.7949955400054183,0.7949955400054183
