Group 1,Group 2,H,p-value,q-value
No (n=167),Yes (n=152),0.6533027694611064,0.4189343224747847,0.4189343224747847
