Group 1,Group 2,H,p-value,q-value
Above_median (n=31),Below_median (n=35),1.601581951991193,0.20567916909028705,0.20567916909028705
