Group 1,Group 2,H,p-value,q-value
No (n=10),Yes (n=56),0.2507462686566839,0.6165500962991077,0.6165500962991077
