Group 1,Group 2,H,p-value,q-value
AboveMedian (n=31),BelowMedian (n=35),0.7299951853634639,0.3928847491067584,0.3928847491067584
