Group 1,Group 2,H,p-value,q-value
AboveMedian (n=33),BelowMedian (n=33),2.8874223921713735,0.0892736502507087,0.0892736502507087
