Group 1,Group 2,H,p-value,q-value
1940-60 (n=2),1981-2000 (n=14),3.0504201680672267,0.0807162584311209,0.1614325168622418
1940-60 (n=2),2001-2010 (n=24),4.083333333333343,0.04330814281079161,0.12992442843237484
1940-60 (n=2),2011-2020 (n=23),4.424749163879596,0.03542131909672563,0.12992442843237484
1981-2000 (n=14),2001-2010 (n=24),0.206043956043942,0.6498859404583239,0.9500590183278674
1981-2000 (n=14),2011-2020 (n=23),0.003922850604794803,0.9500590183278674,0.9500590183278674
2001-2010 (n=24),2011-2020 (n=23),0.0452898550724683,0.8314719399523026,0.9500590183278674
