Group 1,Group 2,H,p-value,q-value
no (n=32),yes (n=34),0.023705004389796613,0.877637887656652,0.877637887656652
