Group 1,Group 2,H,p-value,q-value
no (n=32),yes (n=34),0.0014855009565970464,0.9692553880485104,0.9692553880485104
