Group 1,Group 2,H,p-value,q-value
AboveMedian (n=31),BelowMedian (n=35),0.0010344502309074873,0.9743421659964737,0.9743421659964737
