Group 1,Group 2,H,p-value,q-value
no (n=10),yes (n=56),0.14141969107120203,0.7068737066148751,0.7068737066148751
