Group 1,Group 2,H,p-value,q-value
AboveMedian (n=33),BelowMedian (n=33),1.1088151387033671,0.292339656153195,0.292339656153195
