Group 1,Group 2,H,p-value,q-value
1940-60 (n=2),1981-2000 (n=14),0.9129332206255394,0.33933734500231294,1.0
1940-60 (n=2),2001-2010 (n=24),0.14901421366347567,0.6994791964780709,1.0
1940-60 (n=2),2011-2020 (n=23),0.8171088469686433,0.36602682931864405,1.0
1981-2000 (n=14),2001-2010 (n=24),0.0,1.0,1.0
1981-2000 (n=14),2011-2020 (n=23),0.0022157965518727124,0.9624556455284441,1.0
2001-2010 (n=24),2011-2020 (n=23),0.06542164482078273,0.7981233801668004,1.0
