Group 1,Group 2,H,p-value,q-value
AboveMedian (n=33),BelowMedian (n=33),2.844003124871506,0.09171546214671976,0.09171546214671976
