Group 1,Group 2,H,p-value,q-value
no (n=32),yes (n=34),0.07259657594380542,0.7875930183199694,0.7875930183199694
