Group 1,Group 2,H,p-value,q-value
no (n=34),yes (n=32),0.4800263388937367,0.4884103864291861,0.4884103864291861
