Group 1,Group 2,H,p-value,q-value
1940-60 (n=2),1981-2000 (n=14),3.0504201680672267,0.0807162584311209,0.1614325168622418
1940-60 (n=2),2001-2010 (n=24),4.083333333333343,0.04330814281079161,0.12992442843237484
1940-60 (n=2),2011-2020 (n=23),4.856187290969913,0.027547148107414633,0.12992442843237484
1981-2000 (n=14),2001-2010 (n=24),0.5274725274725256,0.4676714039041745,0.7015071058562617
1981-2000 (n=14),2011-2020 (n=23),0.1412226217718313,0.7070685734702842,0.7984319648086486
2001-2010 (n=24),2011-2020 (n=23),0.06521739130434412,0.7984319648086486,0.7984319648086486
