Group 1,Group 2,H,p-value,q-value
no (n=10),yes (n=56),0.12793176972280662,0.7205861632116763,0.7205861632116763
