Group 1,Group 2,H,p-value,q-value
AboveMedian (n=31),BelowMedian (n=35),0.6867459935346005,0.4072733991290298,0.4072733991290298
