Group 1,Group 2,H,p-value,q-value
Above_median (n=31),Below_median (n=35),0.7973450718756396,0.37188833667245347,0.37188833667245347
