Group 1,Group 2,H,p-value,q-value
No (n=32),Yes (n=34),2.2534569798068276,0.13331628165238937,0.13331628165238937
