Group 1,Group 2,H,p-value,q-value
No (n=155),Yes (n=164),0.013313827694673819,0.9081395231460051,0.9081395231460051
