Group 1,Group 2,H,p-value,q-value
Above_median (n=150),Below_median (n=169),5.717686390532663,0.016794846869707506,0.016794846869707506
