Group 1,Group 2,H,p-value,q-value
No (n=50),Yes (n=269),1.7093559479553733,0.19106895428240123,0.19106895428240123
