Group 1,Group 2,H,p-value,q-value
No (n=167),Yes (n=152),0.9149991136148401,0.3387914768872049,0.3387914768872049
