Group 1,Group 2,H,p-value,q-value
Above_median (n=158),Below_median (n=161),5.513929947322936,0.018865610784645766,0.018865610784645766
