Group 1,Group 2,H,p-value,q-value
AboveMedian (n=31),BelowMedian (n=35),2.898067267349859,0.08868582928985055,0.08868582928985055
