Group 1,Group 2,H,p-value,q-value
no (n=10),yes (n=56),0.16918976545841247,0.6808328947932378,0.6808328947932378
