Group 1,Group 2,H,p-value,q-value
1940-60 (n=2),1981-2000 (n=14),0.10084033613445342,0.7508235188990012,0.9009882226788014
1940-60 (n=2),2001-2010 (n=24),0.5925925925926094,0.4414183267820472,0.6621274901730708
1940-60 (n=2),2011-2020 (n=23),1.9665551839464968,0.16081398497922733,0.482441954937682
1981-2000 (n=14),2001-2010 (n=24),0.0146520146520146,0.903654991162751,0.903654991162751
1981-2000 (n=14),2011-2020 (n=23),1.2710035959463823,0.2595784904018982,0.5191569808037964
2001-2010 (n=24),2011-2020 (n=23),2.2192028985507193,0.13630341639952398,0.482441954937682
