Group 1,Group 2,H,p-value,q-value
no (n=34),yes (n=32),2.2921422300263146,0.1300303433863488,0.1300303433863488
