Group 1,Group 2,H,p-value,q-value
no (n=10),yes (n=56),0.031982942430687444,0.8580650993504315,0.8580650993504315
