Group 1,Group 2,H,p-value,q-value
AboveMedian (n=31),BelowMedian (n=35),1.412408006052658,0.2346570615389465,0.2346570615389465
