Group 1,Group 2,H,p-value,q-value
no (n=32),yes (n=34),0.019918788410876687,0.8877641334540814,0.8877641334540814
