Group 1,Group 2,H,p-value,q-value
No (n=10),Yes (n=56),0.2878464818763007,0.59160387173531,0.59160387173531
