Group 1,Group 2,H,p-value,q-value
Above_median (n=33),Below_median (n=33),8.814152378602842,0.002989030301261021,0.002989030301261021
