Group 1,Group 2,H,p-value,q-value
No (n=34),Yes (n=32),0.0658472344161396,0.7974820473902948,0.7974820473902948
