Group 1,Group 2,H,p-value,q-value
no (n=32),yes (n=34),0.11128182616329241,0.7386894877972472,0.7386894877972472
