Group 1,Group 2,H,p-value,q-value
AboveMedian (n=33),BelowMedian (n=33),0.4194317667858911,0.5172207178291339,0.5172207178291339
