Group 1,Group 2,H,p-value,q-value
no (n=34),yes (n=32),3.853544776119378,0.04964097195322449,0.04964097195322449
