Group 1,Group 2,H,p-value,q-value
No (n=50),Yes (n=269),4.511107806691371,0.033675423236547576,0.033675423236547576
