Group 1,Group 2,H,p-value,q-value
Above_median (n=158),Below_median (n=161),0.046184350184717005,0.8298410397730546,0.8298410397730546
