Group 1,Group 2,H,p-value,q-value
no (n=10),yes (n=56),1.1133262260127879,0.2913600421088819,0.2913600421088819
