Group 1,Group 2,H,p-value,q-value
no (n=33),unknown (n=6),7.854545454545487,0.0050693095567015175,0.01342900791823126
no (n=33),yes (n=27),0.49815090798696815,0.4803137258386717,0.4803137258386717
unknown (n=6),yes (n=27),6.832244008714582,0.008952671945487507,0.01342900791823126
