Group 1,Group 2,H,p-value,q-value
no (n=34),yes (n=32),1.6461808604038595,0.19947953450314054,0.19947953450314054
