Group 1,Group 2,H,p-value,q-value
1940-60 (n=2),1981-2000 (n=14),2.52100840336135,0.11233872582982206,0.6740323549789324
1940-60 (n=2),2001-2010 (n=24),1.120370370370381,0.2898387176075029,0.845873527718114
1940-60 (n=2),2011-2020 (n=23),0.6421404682274243,0.422936763859057,0.845873527718114
1981-2000 (n=14),2001-2010 (n=24),0.2344322344322478,0.628256691693613,0.85095661676041
1981-2000 (n=14),2011-2020 (n=23),0.035305655442954276,0.85095661676041,0.85095661676041
2001-2010 (n=24),2011-2020 (n=23),0.0452898550724683,0.8314719399523026,0.85095661676041
