Group 1,Group 2,H,p-value,q-value
Green_hay_bush (n=22),Natural_regen (n=12),7.9012987012987,0.004939931735104204,0.014819795205312613
Green_hay_bush (n=22),seed_mix (n=32),1.7900826446281144,0.18091609383031643,0.18091609383031643
Natural_regen (n=12),seed_mix (n=32),4.224999999999994,0.039832619244741685,0.05974892886711253
