Group 1,Group 2,H,p-value,q-value
no (n=10),yes (n=56),0.2507462686566839,0.6165500962991077,0.6165500962991077
