Group 1,Group 2,H,p-value,q-value
no (n=32),yes (n=34),0.001481562774330314,0.9692961481624529,0.9692961481624529
